tag	file	relativeTarget	sha512
v0.14.2	src/setup.sh	../lib/tegonal-scripts/src/setup.sh	a4ab77067cb7ff1ce87ee9203b3d08abd1bceea1bc56cf5f3410a31ff73cc8e2a610cf87254284aba6a867b3d5fb5fd56d88287c2b00ef8095867f8debe2b0d2
v0.14.2	src/utility/io.sh	../lib/tegonal-scripts/src/utility/io.sh	53a56afed07d20de52538fd72dac6231cf393deeec618f3fbaeb624b50c28f1761d1a09ba53e1a2b963eb896503bfcabb618885a0606f80b86c9f5683a6304eb
v0.14.2	src/utility/array-utils.sh	../lib/tegonal-scripts/src/utility/array-utils.sh	6d0d9f5aed296dbdc478af4f1c0bc5e429b6a966d10bca03c2bd93dfb49ea4196f63119391836fa02830c07d12dc37734e053903e86542dcb4b545741199de03
v0.14.2	src/utility/parse-utils.sh	../lib/tegonal-scripts/src/utility/parse-utils.sh	8c2972212f33f0bbcea1c1e0311944205b2746efe5636aab0819e7ad6bc0fc0d40974878c7085cb5312db679618deab8c187c0a49aeb46b2d9cd70356c31db80
v0.14.2	src/utility/git-utils.sh	../lib/tegonal-scripts/src/utility/git-utils.sh	d2a7434950b379d7030340dfd8f1323d8ef86cb6dce0f5ad0279c66152e84e89bcc7387fdb8a485348e70e083afd6669b70edbb2f2fa83a6fa87d4a724e396cf
v0.14.2	src/utility/gpg-utils.sh	../lib/tegonal-scripts/src/utility/gpg-utils.sh	88903b78520c969b997a3a1ab163653b290f27bf10af85e2651982254af0329d50d32d2e61eee5c5236be811306f6045fecf62b51bee2f7b8361c805a4f18639
v0.14.2	src/utility/log.sh	../lib/tegonal-scripts/src/utility/log.sh	516160e4a04b0bac530f5e1167880859865f9194c7768f8699dcbc97ba461775a70c86460a896d1ed171836fa15b32c101f20d1f839fdabab103d0430797b407
v0.14.2	src/utility/parse-fn-args.sh	../lib/tegonal-scripts/src/utility/parse-fn-args.sh	1e3456bc5b72beaf03b477e5e93c8cc307866bca7ef32d346179fc163326ba565d2ef06beee59331a6c27e22f42e5e3a7df2c3a5440e58da83b003cf7520127f
v0.14.2	src/utility/update-bash-docu.sh	../lib/tegonal-scripts/src/utility/update-bash-docu.sh	11e370bb8772bd30fb7c84c1cdfafb90da9c97a02d8f949df437c69e7bd41f465810d36db52165856a0a904eb3b68d98e15b496d095d948cf7c0af731487d28b
v0.14.2	src/utility/parse-args.sh	../lib/tegonal-scripts/src/utility/parse-args.sh	05f51a0233bcaf7793b5d3c6de1a3fc485e81534a10e1cc3f4a9555bdad16d842348d9e150dfcf1fa1db181b2c3f35087e443e2a910f5fe79ad3c9986eded56d
v0.14.2	src/utility/checks.sh	../lib/tegonal-scripts/src/utility/checks.sh	3e1fc7cc3c56e54531436c5b7ecf13b01a6a9b0dd3c11d34ff6646ff3fb4e1ba56a5a0fc2c0cd60ac5cbf64130ef528ad155fd92ddf75f025d217e6c058cc24c
v0.14.2	src/utility/parse-commands.sh	../lib/tegonal-scripts/src/utility/parse-commands.sh	be7fb3aab65405f0f19505b56ce883bc137af100958d40f9ef063a0b87892efac567b2ee373c1bbd45c45bcf490999fe8dbac9939cedf1040c68835fa03fd836
v0.14.2	src/utility/replace-snippet.sh	../lib/tegonal-scripts/src/utility/replace-snippet.sh	61cf8c45de544fb93e1873da24552481dd060de4cae9b79dbc0c9048aa8d1fc38263a4f6f58fcb26d45b326da0f3fc054aab6820dcc793a979336cbf9b8e7840
v0.14.2	src/utility/ask.sh	../lib/tegonal-scripts/src/utility/ask.sh	5a479eca974b1516a9e0f466360bee98049b125b5a3c00959c212bb51ae4212eb2bc2baf385ae97ca888b771361606f60684345ea676fa83cedfa31013dbf145
v0.14.2	src/utility/replace-help-snippet.sh	../lib/tegonal-scripts/src/utility/replace-help-snippet.sh	be9df5673ad0ce995489d287bbb37ee1127ac43914af6a251f705648d91c07857321b0d365fa5cdf949ca856de0a57c2bc35719287abc00c12773912228861dd
v0.14.2	src/utility/source-once.sh	../lib/tegonal-scripts/src/utility/source-once.sh	67dd9fd56f980c6f6c2e10a97087e6d8a8ce1c64f112d29ce05dcd1a8c6593e8c936d0b40cf876d5949b80e2bfef132517509940fc4a8a7003c81b5065f19062
v0.14.2	src/utility/recursive-declare-p.sh	../lib/tegonal-scripts/src/utility/recursive-declare-p.sh	f9aa28c9dcab161bcf652174f289a591f526d9252c553160be45267cb499fe31d637d78ff33802f2410a6d24e0d4b5515eb6dc7d272a3057bf51352d6c1f839f
v0.14.2	src/releasing/sneak-peek-banner.sh	../lib/tegonal-scripts/src/releasing/sneak-peek-banner.sh	493193a96662d560bd1cf633b92cd80af5faf7578c027fc8856ac7f9e880ab064a30032463d010a3b31c3889418505e9d48d095e2038a14cb0a81522d5163162
v0.14.2	src/releasing/prepare-files-next-dev-cycle.sh	../lib/tegonal-scripts/src/releasing/prepare-files-next-dev-cycle.sh	dbfb2539080a26528ad5f1e3810487f03342608f78ee46eeb298205649a048f0d674be6e44541b5b2681a740ba439dd23688be1679ef80ffda6a68aea6a900c5
v0.14.2	src/releasing/toggle-sections.sh	../lib/tegonal-scripts/src/releasing/toggle-sections.sh	0d36e8b25be61b262619691d54656efce76c29a7319948e9b01f72fd2e72c5cbc9400dc093ccecfa832fa85a962b8eae5a3a3ecf72ded5d827c62c5fc0fdeeb6
v0.14.2	src/releasing/update-version-README.sh	../lib/tegonal-scripts/src/releasing/update-version-README.sh	ae50a34cc86948aa99d1f2b3c409d578281d906ba59ff0629d3a02aaa3d0a20addb14437deabce4fe4c53aeccb91c16d58857f83eee5d3eacfc41470cc44bf59
v0.14.2	src/releasing/update-version-scripts.sh	../lib/tegonal-scripts/src/releasing/update-version-scripts.sh	ca8bf8390785161f1a75211c747ac9b1b25bc90ee5957c9aaeabd0f62095629b6b040811a4f4385e1ca87b8985e107eed2502912c1860137b18efd2177326fb5
v0.14.2	src/releasing/release-files.sh	../lib/tegonal-scripts/src/releasing/release-files.sh	c61b9843f08e53a0e99fdd2cea728816b55727b40be5f9b36a89d1bf9d85ec65453d1682571e5d4204b5eb600a1ed3f0bef44a3b658297ac9db3b80e1620d060
v0.14.2	src/qa/run-shellcheck.sh	../lib/tegonal-scripts/src/qa/run-shellcheck.sh	c1dc04c190fd46659f4985311cd21c91aea0174d6d30c81efa9b1c5fa26d2b3e5b696d5c3d24b64657bfe7ed881a4211980534b8603f51f7368d4ab8eca9ec0c
